2,Звездные войны: Новая надежда,Эпическая космическая опера,2024-03-22 16:32:59.111350,Фантастика,Франция
4,Интерстеллар,Научно-фантастический фильм о космических путешествиях,2024-03-22 06:49:11.289065,Фантастика,Великобритания
3,Властелин колец: Братство кольца,Фэнтезийный приключенческий фильм,2024-03-22 02:30:26.478900,Драма,Франция
4,Интерстеллар,Научно-фантастический фильм о космических путешествиях,2024-03-22 15:33:55.757073,Фантастика,Великобритания
1,Путешествие времени,Документальный фильм о космосе,2024-03-22 08:12:32.164098,Комедия,США
1,Путешествие времени,Документальный фильм о космосе,2024-03-22 07:33:26.531908,Комедия,США
1,Путешествие времени,Документальный фильм о космосе,2024-03-22 10:27:16.499644,Комедия,США
2,Звездные войны: Новая надежда,Эпическая космическая опера,2024-03-22 23:06:53.974857,Фантастика,Франция
4,Интерстеллар,Научно-фантастический фильм о космических путешествиях,2024-03-22 10:13:06.412349,Фантастика,Великобритания
5,Матрица,Научно-фантастический экшн,2024-03-22 13:50:10.326911,Фантастика,Франция
5,Матрица,Научно-фантастический экшн,2024-03-22 06:44:05.085715,Фантастика,Франция
4,Интерстеллар,Научно-фантастический фильм о космических путешествиях,2024-03-22 13:25:11.059531,Фантастика,Великобритания
3,Властелин колец: Братство кольца,Фэнтезийный приключенческий фильм,2024-03-22 10:56:29.991826,Драма,Франция
6,Джокер,Психологический триллер,2024-03-22 03:49:15.385862,Триллер,Россия
5,Матрица,Научно-фантастический экшн,2024-03-22 03:24:43.254915,Фантастика,Франция
1,Путешествие времени,Документальный фильм о космосе,2024-03-22 04:42:57.332952,Комедия,США
6,Джокер,Психологический триллер,2024-03-22 19:50:44.182170,Триллер,Россия
1,Путешествие времени,Документальный фильм о космосе,2024-03-22 23:54:56.897430,Комедия,США
2,Звездные войны: Новая надежда,Эпическая космическая опера,2024-03-22 04:57:38.149734,Фантастика,Франция
2,Звездные войны: Новая надежда,Эпическая космическая опера,2024-03-22 20:22:30.264983,Фантастика,Франция
5,Матрица,Научно-фантастический экшн,2024-03-22 20:08:29.518547,Фантастика,Франция
2,Звездные войны: Новая надежда,Эпическая космическая опера,2024-03-22 03:11:18.818969,Фантастика,Франция
2,Звездные войны: Новая надежда,Эпическая космическая опера,2024-03-22 04:43:50.603590,Фантастика,Франция
5,Матрица,Научно-фантастический экшн,2024-03-22 12:19:25.712109,Фантастика,Франция
3,Властелин колец: Братство кольца,Фэнтезийный приключенческий фильм,2024-03-22 14:00:37.190735,Драма,Франция
5,Матрица,Научно-фантастический экшн,2024-03-22 09:26:50.009359,Фантастика,Франция
1,Путешествие времени,Документальный фильм о космосе,2024-03-22 04:15:00.193435,Комедия,США
2,Звездные войны: Новая надежда,Эпическая космическая опера,2024-03-22 07:50:37.876565,Фантастика,Франция
5,Матрица,Научно-фантастический экшн,2024-03-22 12:00:40.188804,Фантастика,Франция
2,Звездные войны: Новая надежда,Эпическая космическая опера,2024-03-22 17:05:00.528329,Фантастика,Франция
6,Джокер,Психологический триллер,2024-03-22 10:03:48.232223,Триллер,Россия
6,Джокер,Психологический триллер,2024-03-22 10:08:45.723878,Триллер,Россия
2,Звездные войны: Новая надежда,Эпическая космическая опера,2024-03-22 16:32:51.880294,Фантастика,Франция
5,Матрица,Научно-фантастический экшн,2024-03-22 18:41:14.687831,Фантастика,Франция
4,Интерстеллар,Научно-фантастический фильм о космических путешествиях,2024-03-22 13:52:29.418497,Фантастика,Великобритания
3,Властелин колец: Братство кольца,Фэнтезийный приключенческий фильм,2024-03-22 09:48:44.337092,Драма,Франция
3,Властелин колец: Братство кольца,Фэнтезийный приключенческий фильм,2024-03-22 02:39:50.046969,Драма,Франция
1,Путешествие времени,Документальный фильм о космосе,2024-03-22 11:59:25.594051,Комедия,США
2,Звездные войны: Новая надежда,Эпическая космическая опера,2024-03-22 02:29:57.796105,Фантастика,Франция
3,Властелин колец: Братство кольца,Фэнтезийный приключенческий фильм,2024-03-22 13:48:23.766432,Драма,Франция
6,Джокер,Психологический триллер,2024-03-22 10:12:10.037317,Триллер,Россия
6,Джокер,Психологический триллер,2024-03-22 06:10:47.252166,Триллер,Россия
1,Путешествие времени,Документальный фильм о космосе,2024-03-22 07:40:56.169778,Комедия,США
4,Интерстеллар,Научно-фантастический фильм о космических путешествиях,2024-03-22 09:47:20.071287,Фантастика,Великобритания
1,Путешествие времени,Документальный фильм о космосе,2024-03-22 10:18:38.213685,Комедия,США
6,Джокер,Психологический триллер,2024-03-22 18:43:34.471645,Триллер,Россия
1,Путешествие времени,Документальный фильм о космосе,2024-03-22 15:26:10.024412,Комедия,США
1,Путешествие времени,Документальный фильм о космосе,2024-03-22 00:22:52.852799,Комедия,США
5,Матрица,Научно-фантастический экшн,2024-03-22 21:13:29.489052,Фантастика,Франция
2,Звездные войны: Новая надежда,Эпическая космическая опера,2024-03-22 21:02:01.411866,Фантастика,Франция
4,Интерстеллар,Научно-фантастический фильм о космических путешествиях,2024-03-22 17:36:25.858957,Фантастика,Великобритания
5,Матрица,Научно-фантастический экшн,2024-03-22 18:06:30.920349,Фантастика,Франция
3,Властелин колец: Братство кольца,Фэнтезийный приключенческий фильм,2024-03-22 03:22:52.600267,Драма,Франция
2,Звездные войны: Новая надежда,Эпическая космическая опера,2024-03-22 13:04:31.857314,Фантастика,Франция
5,Матрица,Научно-фантастический экшн,2024-03-22 00:36:15.202825,Фантастика,Франция
2,Звездные войны: Новая надежда,Эпическая космическая опера,2024-03-22 14:07:45.898722,Фантастика,Франция
1,Путешествие времени,Документальный фильм о космосе,2024-03-22 19:45:23.527109,Комедия,США
5,Матрица,Научно-фантастический экшн,2024-03-22 23:40:45.259589,Фантастика,Франция
2,Звездные войны: Новая надежда,Эпическая космическая опера,2024-03-22 23:30:01.774713,Фантастика,Франция
1,Путешествие времени,Документальный фильм о космосе,2024-03-22 05:49:43.998113,Комедия,США
4,Интерстеллар,Научно-фантастический фильм о космических путешествиях,2024-03-22 06:30:31.786068,Фантастика,Великобритания
3,Властелин колец: Братство кольца,Фэнтезийный приключенческий фильм,2024-03-22 12:55:11.179595,Драма,Франция
1,Путешествие времени,Документальный фильм о космосе,2024-03-22 23:10:09.112622,Комедия,США
1,Путешествие времени,Документальный фильм о космосе,2024-03-22 01:51:09.244961,Комедия,США
2,Звездные войны: Новая надежда,Эпическая космическая опера,2024-03-22 16:30:12.682192,Фантастика,Франция
5,Матрица,Научно-фантастический экшн,2024-03-22 18:47:11.664159,Фантастика,Франция
2,Звездные войны: Новая надежда,Эпическая космическая опера,2024-03-22 06:11:18.280593,Фантастика,Франция
4,Интерстеллар,Научно-фантастический фильм о космических путешествиях,2024-03-22 15:31:10.260642,Фантастика,Великобритания
4,Интерстеллар,Научно-фантастический фильм о космических путешествиях,2024-03-22 08:54:34.550764,Фантастика,Великобритания
4,Интерстеллар,Научно-фантастический фильм о космических путешествиях,2024-03-22 06:42:23.729894,Фантастика,Великобритания
3,Властелин колец: Братство кольца,Фэнтезийный приключенческий фильм,2024-03-22 08:34:53.647165,Драма,Франция
5,Матрица,Научно-фантастический экшн,2024-03-22 23:01:20.023850,Фантастика,Франция
2,Звездные войны: Новая надежда,Эпическая космическая опера,2024-03-22 14:00:08.831239,Фантастика,Франция
3,Властелин колец: Братство кольца,Фэнтезийный приключенческий фильм,2024-03-22 20:17:51.021198,Драма,Франция
1,Путешествие времени,Документальный фильм о космосе,2024-03-22 04:12:16.803711,Комедия,США
3,Властелин колец: Братство кольца,Фэнтезийный приключенческий фильм,2024-03-22 22:12:14.832514,Драма,Франция
2,Звездные войны: Новая надежда,Эпическая космическая опера,2024-03-22 18:47:51.140265,Фантастика,Франция
6,Джокер,Психологический триллер,2024-03-22 04:14:37.430275,Триллер,Россия
5,Матрица,Научно-фантастический экшн,2024-03-22 06:22:30.537768,Фантастика,Франция
3,Властелин колец: Братство кольца,Фэнтезийный приключенческий фильм,2024-03-22 05:55:27.098510,Драма,Франция
2,Звездные войны: Новая надежда,Эпическая космическая опера,2024-03-22 02:51:55.106868,Фантастика,Франция
1,Путешествие времени,Документальный фильм о космосе,2024-03-22 22:04:19.283071,Комедия,США
3,Властелин колец: Братство кольца,Фэнтезийный приключенческий фильм,2024-03-22 08:06:56.258400,Драма,Франция
5,Матрица,Научно-фантастический экшн,2024-03-22 17:09:34.794272,Фантастика,Франция
6,Джокер,Психологический триллер,2024-03-22 05:46:57.857587,Триллер,Россия
3,Властелин колец: Братство кольца,Фэнтезийный приключенческий фильм,2024-03-22 15:51:20.581465,Драма,Франция
6,Джокер,Психологический триллер,2024-03-22 07:42:31.348698,Триллер,Россия
2,Звездные войны: Новая надежда,Эпическая космическая опера,2024-03-22 18:46:58.835828,Фантастика,Франция
5,Матрица,Научно-фантастический экшн,2024-03-22 06:56:28.778676,Фантастика,Франция
6,Джокер,Психологический триллер,2024-03-22 21:27:04.007617,Триллер,Россия
4,Интерстеллар,Научно-фантастический фильм о космических путешествиях,2024-03-22 00:05:06.802112,Фантастика,Великобритания
2,Звездные войны: Новая надежда,Эпическая космическая опера,2024-03-22 11:05:52.023282,Фантастика,Франция
4,Интерстеллар,Научно-фантастический фильм о космических путешествиях,2024-03-22 06:46:28.765425,Фантастика,Великобритания
1,Путешествие времени,Документальный фильм о космосе,2024-03-22 23:07:34.186697,Комедия,США
5,Матрица,Научно-фантастический экшн,2024-03-22 23:33:14.966561,Фантастика,Франция
5,Матрица,Научно-фантастический экшн,2024-03-22 05:57:38.127956,Фантастика,Франция
1,Путешествие времени,Документальный фильм о космосе,2024-03-22 02:37:15.237929,Комедия,США
3,Властелин колец: Братство кольца,Фэнтезийный приключенческий фильм,2024-03-22 04:20:01.222364,Драма,Франция
1,Путешествие времени,Документальный фильм о космосе,2024-03-22 22:53:41.468473,Комедия,США
5,Матрица,Научно-фантастический экшн,2024-03-22 17:06:40.569617,Фантастика,Франция
1,Путешествие времени,Документальный фильм о космосе,2024-03-22 06:36:13.658499,Комедия,США
4,Интерстеллар,Научно-фантастический фильм о космических путешествиях,2024-03-22 18:15:25.616975,Фантастика,Великобритания
6,Джокер,Психологический триллер,2024-03-22 00:45:04.145862,Триллер,Россия
5,Матрица,Научно-фантастический экшн,2024-03-22 03:19:13.857895,Фантастика,Франция
3,Властелин колец: Братство кольца,Фэнтезийный приключенческий фильм,2024-03-22 19:15:21.437589,Драма,Франция
5,Матрица,Научно-фантастический экшн,2024-03-22 16:49:43.521172,Фантастика,Франция
3,Властелин колец: Братство кольца,Фэнтезийный приключенческий фильм,2024-03-22 22:12:37.597031,Драма,Франция
6,Джокер,Психологический триллер,2024-03-22 04:20:22.548576,Триллер,Россия
3,Властелин колец: Братство кольца,Фэнтезийный приключенческий фильм,2024-03-22 14:59:01.536130,Драма,Франция
5,Матрица,Научно-фантастический экшн,2024-03-22 18:49:33.526935,Фантастика,Франция
1,Путешествие времени,Документальный фильм о космосе,2024-03-22 04:40:59.542481,Комедия,США
2,Звездные войны: Новая надежда,Эпическая космическая опера,2024-03-22 00:52:50.410188,Фантастика,Франция
5,Матрица,Научно-фантастический экшн,2024-03-22 16:42:06.987700,Фантастика,Франция
6,Джокер,Психологический триллер,2024-03-22 08:12:55.528876,Триллер,Россия
2,Звездные войны: Новая надежда,Эпическая космическая опера,2024-03-22 18:18:07.334367,Фантастика,Франция
3,Властелин колец: Братство кольца,Фэнтезийный приключенческий фильм,2024-03-22 21:02:16.301011,Драма,Франция
1,Путешествие времени,Документальный фильм о космосе,2024-03-22 00:05:39.301259,Комедия,США
6,Джокер,Психологический триллер,2024-03-22 23:45:40.220477,Триллер,Россия
6,Джокер,Психологический триллер,2024-03-22 02:10:55.170696,Триллер,Россия
6,Джокер,Психологический триллер,2024-03-22 03:03:18.863533,Триллер,Россия
1,Путешествие времени,Документальный фильм о космосе,2024-03-22 06:30:08.815378,Комедия,США
5,Матрица,Научно-фантастический экшн,2024-03-22 15:41:45.983358,Фантастика,Франция
3,Властелин колец: Братство кольца,Фэнтезийный приключенческий фильм,2024-03-22 03:15:48.247981,Драма,Франция
2,Звездные войны: Новая надежда,Эпическая космическая опера,2024-03-22 21:53:47.471144,Фантастика,Франция
2,Звездные войны: Новая надежда,Эпическая космическая опера,2024-03-22 12:39:59.602711,Фантастика,Франция
4,Интерстеллар,Научно-фантастический фильм о космических путешествиях,2024-03-22 04:50:40.260589,Фантастика,Великобритания
3,Властелин колец: Братство кольца,Фэнтезийный приключенческий фильм,2024-03-22 02:56:27.318951,Драма,Франция
5,Матрица,Научно-фантастический экшн,2024-03-22 02:32:47.293095,Фантастика,Франция
1,Путешествие времени,Документальный фильм о космосе,2024-03-22 13:39:04.688664,Комедия,США
2,Звездные войны: Новая надежда,Эпическая космическая опера,2024-03-22 07:36:15.679143,Фантастика,Франция
2,Звездные войны: Новая надежда,Эпическая космическая опера,2024-03-22 05:50:58.473478,Фантастика,Франция
5,Матрица,Научно-фантастический экшн,2024-03-22 08:31:17.002083,Фантастика,Франция
4,Интерстеллар,Научно-фантастический фильм о космических путешествиях,2024-03-22 04:52:56.778541,Фантастика,Великобритания
6,Джокер,Психологический триллер,2024-03-22 03:25:52.815238,Триллер,Россия
5,Матрица,Научно-фантастический экшн,2024-03-22 15:03:03.911947,Фантастика,Франция
1,Путешествие времени,Документальный фильм о космосе,2024-03-22 00:51:26.581084,Комедия,США
2,Звездные войны: Новая надежда,Эпическая космическая опера,2024-03-22 04:57:00.216239,Фантастика,Франция
4,Интерстеллар,Научно-фантастический фильм о космических путешествиях,2024-03-22 23:57:58.440114,Фантастика,Великобритания
6,Джокер,Психологический триллер,2024-03-22 06:30:20.229836,Триллер,Россия
6,Джокер,Психологический триллер,2024-03-22 11:25:03.979730,Триллер,Россия
4,Интерстеллар,Научно-фантастический фильм о космических путешествиях,2024-03-22 14:53:48.327157,Фантастика,Великобритания
6,Джокер,Психологический триллер,2024-03-22 11:10:15.375055,Триллер,Россия
1,Путешествие времени,Документальный фильм о космосе,2024-03-22 23:50:49.700543,Комедия,США
3,Властелин колец: Братство кольца,Фэнтезийный приключенческий фильм,2024-03-22 17:37:35.422892,Драма,Франция
1,Путешествие времени,Документальный фильм о космосе,2024-03-22 11:32:49.083958,Комедия,США
4,Интерстеллар,Научно-фантастический фильм о космических путешествиях,2024-03-22 22:07:24.121712,Фантастика,Великобритания
4,Интерстеллар,Научно-фантастический фильм о космических путешествиях,2024-03-22 01:14:14.533689,Фантастика,Великобритания
1,Путешествие времени,Документальный фильм о космосе,2024-03-22 19:53:19.757318,Комедия,США
3,Властелин колец: Братство кольца,Фэнтезийный приключенческий фильм,2024-03-22 07:13:09.193007,Драма,Франция
3,Властелин колец: Братство кольца,Фэнтезийный приключенческий фильм,2024-03-22 06:41:08.348357,Драма,Франция
1,Путешествие времени,Документальный фильм о космосе,2024-03-22 09:44:16.468646,Комедия,США
4,Интерстеллар,Научно-фантастический фильм о космических путешествиях,2024-03-22 09:15:19.440467,Фантастика,Великобритания
2,Звездные войны: Новая надежда,Эпическая космическая опера,2024-03-22 18:44:37.146567,Фантастика,Франция
3,Властелин колец: Братство кольца,Фэнтезийный приключенческий фильм,2024-03-22 17:47:59.437730,Драма,Франция
3,Властелин колец: Братство кольца,Фэнтезийный приключенческий фильм,2024-03-22 18:33:06.866568,Драма,Франция
2,Звездные войны: Новая надежда,Эпическая космическая опера,2024-03-22 13:48:57.674773,Фантастика,Франция
6,Джокер,Психологический триллер,2024-03-22 10:59:52.711098,Триллер,Россия
5,Матрица,Научно-фантастический экшн,2024-03-22 09:45:41.844035,Фантастика,Франция
3,Властелин колец: Братство кольца,Фэнтезийный приключенческий фильм,2024-03-22 23:41:45.009054,Драма,Франция
3,Властелин колец: Братство кольца,Фэнтезийный приключенческий фильм,2024-03-22 12:55:13.730089,Драма,Франция
6,Джокер,Психологический триллер,2024-03-22 21:40:03.845441,Триллер,Россия
6,Джокер,Психологический триллер,2024-03-22 22:15:11.123340,Триллер,Россия
2,Звездные войны: Новая надежда,Эпическая космическая опера,2024-03-22 03:29:59.974693,Фантастика,Франция
5,Матрица,Научно-фантастический экшн,2024-03-22 21:30:55.449386,Фантастика,Франция
1,Путешествие времени,Документальный фильм о космосе,2024-03-22 04:44:34.415487,Комедия,США
5,Матрица,Научно-фантастический экшн,2024-03-22 23:46:47.006443,Фантастика,Франция
1,Путешествие времени,Документальный фильм о космосе,2024-03-22 20:01:13.826533,Комедия,США
4,Интерстеллар,Научно-фантастический фильм о космических путешествиях,2024-03-22 21:35:24.482887,Фантастика,Великобритания
1,Путешествие времени,Документальный фильм о космосе,2024-03-22 21:02:27.488750,Комедия,США
1,Путешествие времени,Документальный фильм о космосе,2024-03-22 19:09:07.742802,Комедия,США
1,Путешествие времени,Документальный фильм о космосе,2024-03-22 21:23:46.504894,Комедия,США
2,Звездные войны: Новая надежда,Эпическая космическая опера,2024-03-22 02:53:25.559008,Фантастика,Франция
1,Путешествие времени,Документальный фильм о космосе,2024-03-22 15:55:01.182718,Комедия,США
4,Интерстеллар,Научно-фантастический фильм о космических путешествиях,2024-03-22 00:14:24.133369,Фантастика,Великобритания
4,Интерстеллар,Научно-фантастический фильм о космических путешествиях,2024-03-22 10:40:38.453574,Фантастика,Великобритания
3,Властелин колец: Братство кольца,Фэнтезийный приключенческий фильм,2024-03-22 13:45:28.472466,Драма,Франция
6,Джокер,Психологический триллер,2024-03-22 04:17:56.343513,Триллер,Россия
4,Интерстеллар,Научно-фантастический фильм о космических путешествиях,2024-03-22 15:20:14.207567,Фантастика,Великобритания
3,Властелин колец: Братство кольца,Фэнтезийный приключенческий фильм,2024-03-22 04:45:41.070043,Драма,Франция
6,Джокер,Психологический триллер,2024-03-22 07:43:29.155149,Триллер,Россия
1,Путешествие времени,Документальный фильм о космосе,2024-03-22 17:50:52.099328,Комедия,США
4,Интерстеллар,Научно-фантастический фильм о космических путешествиях,2024-03-22 05:30:57.270449,Фантастика,Великобритания
5,Матрица,Научно-фантастический экшн,2024-03-22 22:30:03.419504,Фантастика,Франция
1,Путешествие времени,Документальный фильм о космосе,2024-03-22 00:38:48.251012,Комедия,США
5,Матрица,Научно-фантастический экшн,2024-03-22 09:07:25.879785,Фантастика,Франция
1,Путешествие времени,Документальный фильм о космосе,2024-03-22 04:53:00.068838,Комедия,США
5,Матрица,Научно-фантастический экшн,2024-03-22 13:24:50.623304,Фантастика,Франция
1,Путешествие времени,Документальный фильм о космосе,2024-03-22 17:20:10.366579,Комедия,США
2,Звездные войны: Новая надежда,Эпическая космическая опера,2024-03-22 04:06:39.909493,Фантастика,Франция
4,Интерстеллар,Научно-фантастический фильм о космических путешествиях,2024-03-22 05:02:29.321153,Фантастика,Великобритания
3,Властелин колец: Братство кольца,Фэнтезийный приключенческий фильм,2024-03-22 10:30:13.311550,Драма,Франция
6,Джокер,Психологический триллер,2024-03-22 12:09:54.789974,Триллер,Россия
4,Интерстеллар,Научно-фантастический фильм о космических путешествиях,2024-03-22 07:49:05.148250,Фантастика,Великобритания
3,Властелин колец: Братство кольца,Фэнтезийный приключенческий фильм,2024-03-22 02:04:53.393976,Драма,Франция
4,Интерстеллар,Научно-фантастический фильм о космических путешествиях,2024-03-22 02:20:06.822383,Фантастика,Великобритания
4,Интерстеллар,Научно-фантастический фильм о космических путешествиях,2024-03-22 19:38:55.924501,Фантастика,Великобритания
3,Властелин колец: Братство кольца,Фэнтезийный приключенческий фильм,2024-03-22 22:08:23.757528,Драма,Франция
3,Властелин колец: Братство кольца,Фэнтезийный приключенческий фильм,2024-03-22 12:19:35.677560,Драма,Франция
4,Интерстеллар,Научно-фантастический фильм о космических путешествиях,2024-03-22 19:29:07.711889,Фантастика,Великобритания
6,Джокер,Психологический триллер,2024-03-22 12:41:45.423579,Триллер,Россия
6,Джокер,Психологический триллер,2024-03-22 04:33:34.241611,Триллер,Россия
4,Интерстеллар,Научно-фантастический фильм о космических путешествиях,2024-03-22 20:49:20.362541,Фантастика,Великобритания
5,Матрица,Научно-фантастический экшн,2024-03-22 08:48:17.589887,Фантастика,Франция
2,Звездные войны: Новая надежда,Эпическая космическая опера,2024-03-22 00:30:39.627280,Фантастика,Франция
4,Интерстеллар,Научно-фантастический фильм о космических путешествиях,2024-03-22 09:48:28.180127,Фантастика,Великобритания
3,Властелин колец: Братство кольца,Фэнтезийный приключенческий фильм,2024-03-22 12:29:21.491682,Драма,Франция
1,Путешествие времени,Документальный фильм о космосе,2024-03-22 15:20:10.520772,Комедия,США
6,Джокер,Психологический триллер,2024-03-22 05:06:38.269444,Триллер,Россия
6,Джокер,Психологический триллер,2024-03-22 02:53:46.446984,Триллер,Россия
1,Путешествие времени,Документальный фильм о космосе,2024-03-22 15:15:35.587930,Комедия,США
5,Матрица,Научно-фантастический экшн,2024-03-22 09:26:13.896473,Фантастика,Франция
1,Путешествие времени,Документальный фильм о космосе,2024-03-22 01:56:52.313188,Комедия,США
4,Интерстеллар,Научно-фантастический фильм о космических путешествиях,2024-03-22 10:52:39.851008,Фантастика,Великобритания
3,Властелин колец: Братство кольца,Фэнтезийный приключенческий фильм,2024-03-22 10:02:29.357039,Драма,Франция
2,Звездные войны: Новая надежда,Эпическая космическая опера,2024-03-22 13:01:30.998107,Фантастика,Франция
3,Властелин колец: Братство кольца,Фэнтезийный приключенческий фильм,2024-03-22 14:31:44.022718,Драма,Франция
5,Матрица,Научно-фантастический экшн,2024-03-22 03:30:29.050504,Фантастика,Франция
1,Путешествие времени,Документальный фильм о космосе,2024-03-22 11:23:42.827304,Комедия,США
1,Путешествие времени,Документальный фильм о космосе,2024-03-22 17:12:38.626946,Комедия,США
5,Матрица,Научно-фантастический экшн,2024-03-22 01:08:44.413826,Фантастика,Франция
4,Интерстеллар,Научно-фантастический фильм о космических путешествиях,2024-03-22 20:41:49.843685,Фантастика,Великобритания
1,Путешествие времени,Документальный фильм о космосе,2024-03-22 20:24:15.997921,Комедия,США
3,Властелин колец: Братство кольца,Фэнтезийный приключенческий фильм,2024-03-22 00:50:14.861402,Драма,Франция
2,Звездные войны: Новая надежда,Эпическая космическая опера,2024-03-22 14:58:52.189230,Фантастика,Франция
5,Матрица,Научно-фантастический экшн,2024-03-22 18:24:34.754836,Фантастика,Франция
2,Звездные войны: Новая надежда,Эпическая космическая опера,2024-03-22 07:08:01.206535,Фантастика,Франция
4,Интерстеллар,Научно-фантастический фильм о космических путешествиях,2024-03-22 21:37:31.179290,Фантастика,Великобритания
5,Матрица,Научно-фантастический экшн,2024-03-22 13:16:59.244711,Фантастика,Франция
5,Матрица,Научно-фантастический экшн,2024-03-22 16:37:17.006578,Фантастика,Франция
1,Путешествие времени,Документальный фильм о космосе,2024-03-22 18:50:28.870756,Комедия,США
1,Путешествие времени,Документальный фильм о космосе,2024-03-22 10:15:04.546420,Комедия,США
5,Матрица,Научно-фантастический экшн,2024-03-22 01:38:48.671127,Фантастика,Франция
4,Интерстеллар,Научно-фантастический фильм о космических путешествиях,2024-03-22 10:47:36.429760,Фантастика,Великобритания
4,Интерстеллар,Научно-фантастический фильм о космических путешествиях,2024-03-22 01:40:25.203751,Фантастика,Великобритания
5,Матрица,Научно-фантастический экшн,2024-03-22 18:57:57.963035,Фантастика,Франция
6,Джокер,Психологический триллер,2024-03-22 20:25:47.750644,Триллер,Россия
6,Джокер,Психологический триллер,2024-03-22 05:39:02.790870,Триллер,Россия
2,Звездные войны: Новая надежда,Эпическая космическая опера,2024-03-22 16:40:59.054047,Фантастика,Франция
6,Джокер,Психологический триллер,2024-03-22 01:23:20.594460,Триллер,Россия
5,Матрица,Научно-фантастический экшн,2024-03-22 23:28:29.493009,Фантастика,Франция
4,Интерстеллар,Научно-фантастический фильм о космических путешествиях,2024-03-22 00:45:36.906105,Фантастика,Великобритания
6,Джокер,Психологический триллер,2024-03-22 23:06:25.546620,Триллер,Россия
5,Матрица,Научно-фантастический экшн,2024-03-22 07:47:49.549360,Фантастика,Франция
4,Интерстеллар,Научно-фантастический фильм о космических путешествиях,2024-03-22 00:54:07.246043,Фантастика,Великобритания
2,Звездные войны: Новая надежда,Эпическая космическая опера,2024-03-22 08:38:15.722091,Фантастика,Франция
3,Властелин колец: Братство кольца,Фэнтезийный приключенческий фильм,2024-03-22 00:03:51.366013,Драма,Франция
5,Матрица,Научно-фантастический экшн,2024-03-22 23:36:49.859956,Фантастика,Франция
6,Джокер,Психологический триллер,2024-03-22 05:10:36.396625,Триллер,Россия
4,Интерстеллар,Научно-фантастический фильм о космических путешествиях,2024-03-22 14:16:44.230110,Фантастика,Великобритания
4,Интерстеллар,Научно-фантастический фильм о космических путешествиях,2024-03-22 07:52:28.709210,Фантастика,Великобритания
5,Матрица,Научно-фантастический экшн,2024-03-22 05:17:16.859443,Фантастика,Франция
5,Матрица,Научно-фантастический экшн,2024-03-22 09:26:37.866822,Фантастика,Франция
5,Матрица,Научно-фантастический экшн,2024-03-22 12:26:35.611071,Фантастика,Франция
1,Путешествие времени,Документальный фильм о космосе,2024-03-22 01:23:55.858419,Комедия,США
2,Звездные войны: Новая надежда,Эпическая космическая опера,2024-03-22 06:38:48.490913,Фантастика,Франция
2,Звездные войны: Новая надежда,Эпическая космическая опера,2024-03-22 20:59:16.997059,Фантастика,Франция
3,Властелин колец: Братство кольца,Фэнтезийный приключенческий фильм,2024-03-22 23:46:07.924730,Драма,Франция
2,Звездные войны: Новая надежда,Эпическая космическая опера,2024-03-22 12:07:05.793017,Фантастика,Франция
3,Властелин колец: Братство кольца,Фэнтезийный приключенческий фильм,2024-03-22 00:42:36.108904,Драма,Франция
3,Властелин колец: Братство кольца,Фэнтезийный приключенческий фильм,2024-03-22 05:33:50.121562,Драма,Франция
1,Путешествие времени,Документальный фильм о космосе,2024-03-22 17:04:04.778068,Комедия,США
2,Звездные войны: Новая надежда,Эпическая космическая опера,2024-03-22 17:26:36.295099,Фантастика,Франция
3,Властелин колец: Братство кольца,Фэнтезийный приключенческий фильм,2024-03-22 03:38:13.884854,Драма,Франция
5,Матрица,Научно-фантастический экшн,2024-03-22 16:17:47.503038,Фантастика,Франция
4,Интерстеллар,Научно-фантастический фильм о космических путешествиях,2024-03-22 03:39:58.650973,Фантастика,Великобритания
5,Матрица,Научно-фантастический экшн,2024-03-22 12:43:41.497647,Фантастика,Франция
3,Властелин колец: Братство кольца,Фэнтезийный приключенческий фильм,2024-03-22 22:22:38.675650,Драма,Франция
6,Джокер,Психологический триллер,2024-03-22 03:09:10.251811,Триллер,Россия
3,Властелин колец: Братство кольца,Фэнтезийный приключенческий фильм,2024-03-22 08:31:29.489127,Драма,Франция
6,Джокер,Психологический триллер,2024-03-22 08:37:19.959255,Триллер,Россия
5,Матрица,Научно-фантастический экшн,2024-03-22 02:34:28.330338,Фантастика,Франция
4,Интерстеллар,Научно-фантастический фильм о космических путешествиях,2024-03-22 12:12:16.264321,Фантастика,Великобритания
3,Властелин колец: Братство кольца,Фэнтезийный приключенческий фильм,2024-03-22 14:37:27.460218,Драма,Франция
5,Матрица,Научно-фантастический экшн,2024-03-22 03:18:16.421311,Фантастика,Франция
3,Властелин колец: Братство кольца,Фэнтезийный приключенческий фильм,2024-03-22 10:31:39.988900,Драма,Франция
4,Интерстеллар,Научно-фантастический фильм о космических путешествиях,2024-03-22 19:32:25.543097,Фантастика,Великобритания
5,Матрица,Научно-фантастический экшн,2024-03-22 00:26:19.809828,Фантастика,Франция
2,Звездные войны: Новая надежда,Эпическая космическая опера,2024-03-22 14:02:39.799952,Фантастика,Франция
2,Звездные войны: Новая надежда,Эпическая космическая опера,2024-03-22 03:25:25.928277,Фантастика,Франция
2,Звездные войны: Новая надежда,Эпическая космическая опера,2024-03-22 20:47:11.078252,Фантастика,Франция
4,Интерстеллар,Научно-фантастический фильм о космических путешествиях,2024-03-22 08:26:30.316565,Фантастика,Великобритания
5,Матрица,Научно-фантастический экшн,2024-03-22 02:00:24.959284,Фантастика,Франция
3,Властелин колец: Братство кольца,Фэнтезийный приключенческий фильм,2024-03-22 06:18:33.474540,Драма,Франция
6,Джокер,Психологический триллер,2024-03-22 07:49:28.312922,Триллер,Россия
3,Властелин колец: Братство кольца,Фэнтезийный приключенческий фильм,2024-03-22 21:19:01.852948,Драма,Франция
4,Интерстеллар,Научно-фантастический фильм о космических путешествиях,2024-03-22 05:09:47.929551,Фантастика,Великобритания
3,Властелин колец: Братство кольца,Фэнтезийный приключенческий фильм,2024-03-22 08:30:34.202210,Драма,Франция
5,Матрица,Научно-фантастический экшн,2024-03-22 01:53:04.610688,Фантастика,Франция
3,Властелин колец: Братство кольца,Фэнтезийный приключенческий фильм,2024-03-22 05:56:45.930756,Драма,Франция
1,Путешествие времени,Документальный фильм о космосе,2024-03-22 15:05:22.899591,Комедия,США
2,Звездные войны: Новая надежда,Эпическая космическая опера,2024-03-22 21:56:56.464871,Фантастика,Франция
6,Джокер,Психологический триллер,2024-03-22 21:19:04.552381,Триллер,Россия
3,Властелин колец: Братство кольца,Фэнтезийный приключенческий фильм,2024-03-22 04:02:29.072085,Драма,Франция
1,Путешествие времени,Документальный фильм о космосе,2024-03-22 14:27:48.701262,Комедия,США
4,Интерстеллар,Научно-фантастический фильм о космических путешествиях,2024-03-22 06:35:37.978094,Фантастика,Великобритания
3,Властелин колец: Братство кольца,Фэнтезийный приключенческий фильм,2024-03-22 07:16:28.069332,Драма,Франция
3,Властелин колец: Братство кольца,Фэнтезийный приключенческий фильм,2024-03-22 02:05:57.295104,Драма,Франция
2,Звездные войны: Новая надежда,Эпическая космическая опера,2024-03-22 06:50:51.909957,Фантастика,Франция
2,Звездные войны: Новая надежда,Эпическая космическая опера,2024-03-22 10:01:41.738879,Фантастика,Франция
1,Путешествие времени,Документальный фильм о космосе,2024-03-22 15:04:36.898020,Комедия,США
6,Джокер,Психологический триллер,2024-03-22 15:55:39.609105,Триллер,Россия
5,Матрица,Научно-фантастический экшн,2024-03-22 04:51:39.604441,Фантастика,Франция
5,Матрица,Научно-фантастический экшн,2024-03-22 05:57:47.271355,Фантастика,Франция
4,Интерстеллар,Научно-фантастический фильм о космических путешествиях,2024-03-22 23:51:05.117411,Фантастика,Великобритания
6,Джокер,Психологический триллер,2024-03-22 07:48:48.636251,Триллер,Россия
1,Путешествие времени,Документальный фильм о космосе,2024-03-22 21:14:19.393315,Комедия,США
2,Звездные войны: Новая надежда,Эпическая космическая опера,2024-03-22 02:04:29.467824,Фантастика,Франция
5,Матрица,Научно-фантастический экшн,2024-03-22 04:37:17.911004,Фантастика,Франция
6,Джокер,Психологический триллер,2024-03-22 14:01:29.684491,Триллер,Россия
2,Звездные войны: Новая надежда,Эпическая космическая опера,2024-03-22 09:52:34.948665,Фантастика,Франция
1,Путешествие времени,Документальный фильм о космосе,2024-03-22 08:16:37.683280,Комедия,США
5,Матрица,Научно-фантастический экшн,2024-03-22 02:20:10.925008,Фантастика,Франция
6,Джокер,Психологический триллер,2024-03-22 12:49:44.867049,Триллер,Россия
2,Звездные войны: Новая надежда,Эпическая космическая опера,2024-03-22 05:37:49.098629,Фантастика,Франция
1,Путешествие времени,Документальный фильм о космосе,2024-03-22 08:00:59.819828,Комедия,США
5,Матрица,Научно-фантастический экшн,2024-03-22 18:21:53.043956,Фантастика,Франция
6,Джокер,Психологический триллер,2024-03-22 11:29:38.763073,Триллер,Россия
3,Властелин колец: Братство кольца,Фэнтезийный приключенческий фильм,2024-03-22 14:57:30.913833,Драма,Франция
2,Звездные войны: Новая надежда,Эпическая космическая опера,2024-03-22 11:08:43.286015,Фантастика,Франция
1,Путешествие времени,Документальный фильм о космосе,2024-03-22 05:47:52.433557,Комедия,США
4,Интерстеллар,Научно-фантастический фильм о космических путешествиях,2024-03-22 20:47:25.828617,Фантастика,Великобритания
4,Интерстеллар,Научно-фантастический фильм о космических путешествиях,2024-03-22 09:58:10.573728,Фантастика,Великобритания
1,Путешествие времени,Документальный фильм о космосе,2024-03-22 01:39:37.105837,Комедия,США
1,Путешествие времени,Документальный фильм о космосе,2024-03-22 16:34:25.624349,Комедия,США
4,Интерстеллар,Научно-фантастический фильм о космических путешествиях,2024-03-22 21:18:51.522125,Фантастика,Великобритания
2,Звездные войны: Новая надежда,Эпическая космическая опера,2024-03-22 02:59:11.736611,Фантастика,Франция
4,Интерстеллар,Научно-фантастический фильм о космических путешествиях,2024-03-22 23:50:35.078815,Фантастика,Великобритания
5,Матрица,Научно-фантастический экшн,2024-03-22 08:52:38.699408,Фантастика,Франция
6,Джокер,Психологический триллер,2024-03-22 16:03:29.122107,Триллер,Россия
6,Джокер,Психологический триллер,2024-03-22 08:08:11.800892,Триллер,Россия
2,Звездные войны: Новая надежда,Эпическая космическая опера,2024-03-22 00:16:54.162345,Фантастика,Франция
3,Властелин колец: Братство кольца,Фэнтезийный приключенческий фильм,2024-03-22 17:04:45.219420,Драма,Франция
2,Звездные войны: Новая надежда,Эпическая космическая опера,2024-03-22 01:46:39.978437,Фантастика,Франция
2,Звездные войны: Новая надежда,Эпическая космическая опера,2024-03-22 13:45:32.840710,Фантастика,Франция
3,Властелин колец: Братство кольца,Фэнтезийный приключенческий фильм,2024-03-22 23:10:29.798676,Драма,Франция
5,Матрица,Научно-фантастический экшн,2024-03-22 03:55:47.381820,Фантастика,Франция
2,Звездные войны: Новая надежда,Эпическая космическая опера,2024-03-22 15:40:42.004635,Фантастика,Франция
3,Властелин колец: Братство кольца,Фэнтезийный приключенческий фильм,2024-03-22 08:32:36.149012,Драма,Франция
1,Путешествие времени,Документальный фильм о космосе,2024-03-22 03:55:11.232612,Комедия,США
5,Матрица,Научно-фантастический экшн,2024-03-22 05:31:29.168083,Фантастика,Франция
1,Путешествие времени,Документальный фильм о космосе,2024-03-22 15:11:04.958350,Комедия,США
5,Матрица,Научно-фантастический экшн,2024-03-22 09:36:12.775237,Фантастика,Франция
4,Интерстеллар,Научно-фантастический фильм о космических путешествиях,2024-03-22 18:56:29.932352,Фантастика,Великобритания
4,Интерстеллар,Научно-фантастический фильм о космических путешествиях,2024-03-22 15:21:41.739573,Фантастика,Великобритания
