4,Интерстеллар,2024-03-22 23:39:03.417043
3,Властелин колец: Братство кольца,2024-03-22 20:33:50.319457
3,Властелин колец: Братство кольца,2024-03-22 15:16:44.136671
6,Джокер,2024-03-22 18:02:19.725686
6,Джокер,2024-03-22 18:40:21.432221
5,Матрица,2024-03-22 14:32:18.880912
5,Матрица,2024-03-22 14:03:39.375340
2,Звездные войны: Новая надежда,2024-03-22 15:24:33.460080
6,Джокер,2024-03-22 21:08:01.487821
3,Властелин колец: Братство кольца,2024-03-22 19:57:22.696717
2,Звездные войны: Новая надежда,2024-03-22 23:33:14.886329
6,Джокер,2024-03-22 19:09:13.150536
6,Джокер,2024-03-22 21:48:13.089544
3,Властелин колец: Братство кольца,2024-03-22 21:12:36.319686
5,Матрица,2024-03-22 17:01:57.890251
4,Интерстеллар,2024-03-22 21:57:59.114039
5,Матрица,2024-03-22 17:14:27.981276
5,Матрица,2024-03-22 16:48:02.046320
4,Интерстеллар,2024-03-22 16:30:55.097663
2,Звездные войны: Новая надежда,2024-03-22 16:56:36.994942
5,Матрица,2024-03-22 21:01:08.048386
6,Джокер,2024-03-22 20:29:23.952164
3,Властелин колец: Братство кольца,2024-03-22 14:57:39.827570
5,Матрица,2024-03-22 14:51:53.597435
6,Джокер,2024-03-22 23:06:53.861982
1,Путешествие времени,2024-03-22 20:23:58.298336
2,Звездные войны: Новая надежда,2024-03-22 23:59:00.704960
5,Матрица,2024-03-22 14:31:44.062216
5,Матрица,2024-03-22 21:30:46.535113
1,Путешествие времени,2024-03-22 17:55:48.655717
4,Интерстеллар,2024-03-22 17:00:22.038313
3,Властелин колец: Братство кольца,2024-03-22 20:56:16.336742
3,Властелин колец: Братство кольца,2024-03-22 20:04:34.620749
3,Властелин колец: Братство кольца,2024-03-22 14:59:15.559307
2,Звездные войны: Новая надежда,2024-03-22 21:59:58.309959
3,Властелин колец: Братство кольца,2024-03-22 22:20:49.085165
5,Матрица,2024-03-22 13:33:29.985720
5,Матрица,2024-03-22 22:16:37.903469
6,Джокер,2024-03-22 18:26:24.436212
4,Интерстеллар,2024-03-22 23:32:10.417924
4,Интерстеллар,2024-03-22 14:52:24.271724
2,Звездные войны: Новая надежда,2024-03-22 17:43:34.671146
2,Звездные войны: Новая надежда,2024-03-22 20:08:06.317295
5,Матрица,2024-03-22 15:31:57.444235
4,Интерстеллар,2024-03-22 16:56:16.449215
6,Джокер,2024-03-22 23:45:02.816984
3,Властелин колец: Братство кольца,2024-03-22 15:07:44.674808
2,Звездные войны: Новая надежда,2024-03-22 23:13:24.733791
4,Интерстеллар,2024-03-22 18:01:54.344922
4,Интерстеллар,2024-03-22 20:32:55.007153
6,Джокер,2024-03-22 19:30:11.968415
4,Интерстеллар,2024-03-22 14:22:50.161664
1,Путешествие времени,2024-03-22 18:31:10.010048
2,Звездные войны: Новая надежда,2024-03-22 15:00:05.427378
1,Путешествие времени,2024-03-22 14:51:26.525097
4,Интерстеллар,2024-03-22 17:47:23.049567
6,Джокер,2024-03-22 13:39:02.853925
5,Матрица,2024-03-22 17:12:16.648332
6,Джокер,2024-03-22 22:28:31.074859
5,Матрица,2024-03-22 20:58:01.498218
6,Джокер,2024-03-22 15:52:04.367578
4,Интерстеллар,2024-03-22 20:26:17.700396
3,Властелин колец: Братство кольца,2024-03-22 23:23:43.525093
3,Властелин колец: Братство кольца,2024-03-22 14:11:13.049675
6,Джокер,2024-03-22 14:49:34.536259
2,Звездные войны: Новая надежда,2024-03-22 18:34:56.755927
4,Интерстеллар,2024-03-22 18:53:42.022727
5,Матрица,2024-03-22 19:50:06.154545
2,Звездные войны: Новая надежда,2024-03-22 18:42:51.316499
4,Интерстеллар,2024-03-22 19:07:48.097130
6,Джокер,2024-03-22 22:28:24.178249
5,Матрица,2024-03-22 22:22:15.370333
4,Интерстеллар,2024-03-22 14:53:31.478626
4,Интерстеллар,2024-03-22 17:11:59.752415
2,Звездные войны: Новая надежда,2024-03-22 18:09:39.739339
5,Матрица,2024-03-22 18:18:49.125787
3,Властелин колец: Братство кольца,2024-03-22 16:22:54.546964
3,Властелин колец: Братство кольца,2024-03-22 20:09:22.931627
6,Джокер,2024-03-22 20:57:40.155931
2,Звездные войны: Новая надежда,2024-03-22 22:03:17.467697
4,Интерстеллар,2024-03-22 21:36:03.466051
6,Джокер,2024-03-22 14:32:34.268152
4,Интерстеллар,2024-03-22 13:56:25.065424
5,Матрица,2024-03-22 19:41:18.592922
6,Джокер,2024-03-22 19:00:47.308452
1,Путешествие времени,2024-03-22 15:13:47.407305
2,Звездные войны: Новая надежда,2024-03-22 22:45:20.981923
4,Интерстеллар,2024-03-22 15:30:29.179922
1,Путешествие времени,2024-03-22 18:51:31.849053
4,Интерстеллар,2024-03-22 18:18:44.764931
2,Звездные войны: Новая надежда,2024-03-22 22:50:27.019284
3,Властелин колец: Братство кольца,2024-03-22 20:17:16.620145
2,Звездные войны: Новая надежда,2024-03-22 20:05:04.126262
1,Путешествие времени,2024-03-22 16:31:21.601596
5,Матрица,2024-03-22 16:32:43.195877
3,Властелин колец: Братство кольца,2024-03-22 19:03:11.818190
3,Властелин колец: Братство кольца,2024-03-22 16:41:16.274096
2,Звездные войны: Новая надежда,2024-03-22 16:46:32.701961
6,Джокер,2024-03-22 17:49:33.581782
1,Путешествие времени,2024-03-22 17:26:29.459314
2,Звездные войны: Новая надежда,2024-03-22 15:58:07.464711
3,Властелин колец: Братство кольца,2024-03-22 20:03:03.707146
4,Интерстеллар,2024-03-22 22:21:20.777982
3,Властелин колец: Братство кольца,2024-03-22 16:51:28.352311
1,Путешествие времени,2024-03-22 18:19:18.436135
3,Властелин колец: Братство кольца,2024-03-22 15:14:39.402678
1,Путешествие времени,2024-03-22 22:47:17.828928
2,Звездные войны: Новая надежда,2024-03-22 15:27:49.206797
2,Звездные войны: Новая надежда,2024-03-22 14:47:08.021229
3,Властелин колец: Братство кольца,2024-03-22 18:17:30.676327
6,Джокер,2024-03-22 13:39:39.340389
4,Интерстеллар,2024-03-22 18:31:20.095653
3,Властелин колец: Братство кольца,2024-03-22 16:31:05.642859
2,Звездные войны: Новая надежда,2024-03-22 23:28:24.824136
2,Звездные войны: Новая надежда,2024-03-22 13:42:40.382708
4,Интерстеллар,2024-03-22 14:49:16.804898
6,Джокер,2024-03-22 19:34:22.828813
1,Путешествие времени,2024-03-22 21:58:21.805603
4,Интерстеллар,2024-03-22 16:30:47.367972
1,Путешествие времени,2024-03-22 22:55:32.260986
2,Звездные войны: Новая надежда,2024-03-22 16:11:16.771124
1,Путешествие времени,2024-03-22 21:46:32.848751
4,Интерстеллар,2024-03-22 21:28:29.561201
4,Интерстеллар,2024-03-22 16:17:27.264593
6,Джокер,2024-03-22 23:39:18.515908
4,Интерстеллар,2024-03-22 19:26:38.909568
5,Матрица,2024-03-22 17:37:53.531129
6,Джокер,2024-03-22 22:16:36.860859
5,Матрица,2024-03-22 19:01:09.123868
3,Властелин колец: Братство кольца,2024-03-22 18:46:53.816494
3,Властелин колец: Братство кольца,2024-03-22 16:30:34.255573
2,Звездные войны: Новая надежда,2024-03-22 20:05:27.153808
5,Матрица,2024-03-22 23:06:42.571606
6,Джокер,2024-03-22 13:33:34.080355
5,Матрица,2024-03-22 15:43:07.382122
4,Интерстеллар,2024-03-22 17:55:18.091720
5,Матрица,2024-03-22 23:51:13.350810
1,Путешествие времени,2024-03-22 20:17:57.145899
6,Джокер,2024-03-22 14:31:10.573778
5,Матрица,2024-03-22 14:31:25.304804
2,Звездные войны: Новая надежда,2024-03-22 20:42:29.884171
1,Путешествие времени,2024-03-22 13:50:11.736052
6,Джокер,2024-03-22 15:44:37.540706
5,Матрица,2024-03-22 18:04:18.702837
5,Матрица,2024-03-22 19:58:58.964541
3,Властелин колец: Братство кольца,2024-03-22 19:58:25.988566
4,Интерстеллар,2024-03-22 19:18:32.640969
4,Интерстеллар,2024-03-22 15:24:10.773702
2,Звездные войны: Новая надежда,2024-03-22 17:51:38.804551
2,Звездные войны: Новая надежда,2024-03-22 19:52:03.306334
5,Матрица,2024-03-22 23:24:15.223528
5,Матрица,2024-03-22 20:05:13.207181
2,Звездные войны: Новая надежда,2024-03-22 15:11:23.498289
4,Интерстеллар,2024-03-22 17:03:20.061220
1,Путешествие времени,2024-03-22 17:44:50.679858
3,Властелин колец: Братство кольца,2024-03-22 15:20:54.477713
1,Путешествие времени,2024-03-22 19:11:38.401393
2,Звездные войны: Новая надежда,2024-03-22 18:35:58.997799
3,Властелин колец: Братство кольца,2024-03-22 21:47:28.729571
1,Путешествие времени,2024-03-22 22:37:05.415120
2,Звездные войны: Новая надежда,2024-03-22 16:04:52.474682
6,Джокер,2024-03-22 13:49:23.600347
4,Интерстеллар,2024-03-22 18:49:36.232188
6,Джокер,2024-03-22 21:22:36.557643
1,Путешествие времени,2024-03-22 18:03:09.812692
2,Звездные войны: Новая надежда,2024-03-22 15:08:03.800672
2,Звездные войны: Новая надежда,2024-03-22 20:22:13.441136
6,Джокер,2024-03-22 16:05:13.514066
3,Властелин колец: Братство кольца,2024-03-22 22:44:41.599877
2,Звездные войны: Новая надежда,2024-03-22 15:42:43.141071
2,Звездные войны: Новая надежда,2024-03-22 14:56:56.213886
3,Властелин колец: Братство кольца,2024-03-22 17:05:56.088909
2,Звездные войны: Новая надежда,2024-03-22 19:54:27.665899
4,Интерстеллар,2024-03-22 20:01:01.241395
6,Джокер,2024-03-22 16:49:02.485954
2,Звездные войны: Новая надежда,2024-03-22 20:04:30.163637
5,Матрица,2024-03-22 15:24:05.281029
2,Звездные войны: Новая надежда,2024-03-22 23:13:59.830521
4,Интерстеллар,2024-03-22 15:24:20.742417
3,Властелин колец: Братство кольца,2024-03-22 23:22:11.599628
3,Властелин колец: Братство кольца,2024-03-22 17:49:43.402870
6,Джокер,2024-03-22 19:22:10.318514
6,Джокер,2024-03-22 23:52:40.973001
3,Властелин колец: Братство кольца,2024-03-22 16:37:46.847391
3,Властелин колец: Братство кольца,2024-03-22 17:41:09.022887
3,Властелин колец: Братство кольца,2024-03-22 19:34:26.836930
3,Властелин колец: Братство кольца,2024-03-22 18:10:17.957117
4,Интерстеллар,2024-03-22 23:16:20.492721
4,Интерстеллар,2024-03-22 18:50:10.322166
6,Джокер,2024-03-22 17:48:13.609973
4,Интерстеллар,2024-03-22 17:48:29.035499
6,Джокер,2024-03-22 16:12:09.640150
6,Джокер,2024-03-22 18:14:43.102194
3,Властелин колец: Братство кольца,2024-03-22 16:18:25.523918
4,Интерстеллар,2024-03-22 19:51:00.125152
3,Властелин колец: Братство кольца,2024-03-22 16:15:32.327526
2,Звездные войны: Новая надежда,2024-03-22 22:14:28.563543
1,Путешествие времени,2024-03-22 16:58:15.391953
2,Звездные войны: Новая надежда,2024-03-22 13:57:52.152028
1,Путешествие времени,2024-03-22 16:37:33.982021
3,Властелин колец: Братство кольца,2024-03-22 23:20:23.633643
2,Звездные войны: Новая надежда,2024-03-22 23:48:49.680722
2,Звездные войны: Новая надежда,2024-03-22 20:52:07.236373
5,Матрица,2024-03-22 22:44:04.442884
2,Звездные войны: Новая надежда,2024-03-22 22:44:09.161301
1,Путешествие времени,2024-03-22 23:44:32.556368
6,Джокер,2024-03-22 14:42:22.632003
5,Матрица,2024-03-22 18:00:10.627248
4,Интерстеллар,2024-03-22 20:24:23.096880
4,Интерстеллар,2024-03-22 23:05:15.535347
6,Джокер,2024-03-22 18:01:32.405673
6,Джокер,2024-03-22 18:59:19.897765
5,Матрица,2024-03-22 16:52:41.381217
4,Интерстеллар,2024-03-22 23:30:57.555500
6,Джокер,2024-03-22 21:54:31.566500
6,Джокер,2024-03-22 23:16:48.467006
6,Джокер,2024-03-22 19:00:47.025625
4,Интерстеллар,2024-03-22 16:42:36.782544
6,Джокер,2024-03-22 21:26:55.736364
5,Матрица,2024-03-22 23:16:21.311819
5,Матрица,2024-03-22 18:06:02.593794
6,Джокер,2024-03-22 22:34:26.867783
3,Властелин колец: Братство кольца,2024-03-22 16:36:10.200494
6,Джокер,2024-03-22 18:50:44.508409
6,Джокер,2024-03-22 23:48:04.026011
3,Властелин колец: Братство кольца,2024-03-22 15:25:22.904106
4,Интерстеллар,2024-03-22 23:11:51.923198
1,Путешествие времени,2024-03-22 14:20:06.109719
3,Властелин колец: Братство кольца,2024-03-22 19:08:46.858930
5,Матрица,2024-03-22 19:43:49.982582
2,Звездные войны: Новая надежда,2024-03-22 14:43:54.843293
2,Звездные войны: Новая надежда,2024-03-22 15:01:58.691596
1,Путешествие времени,2024-03-22 19:51:05.569081
3,Властелин колец: Братство кольца,2024-03-22 23:37:14.855404
2,Звездные войны: Новая надежда,2024-03-22 23:54:26.605572
4,Интерстеллар,2024-03-22 22:56:51.039617
4,Интерстеллар,2024-03-22 15:01:31.857729
6,Джокер,2024-03-22 22:30:59.626811
6,Джокер,2024-03-22 19:17:52.143240
1,Путешествие времени,2024-03-22 15:33:08.448320
1,Путешествие времени,2024-03-22 21:41:21.761009
4,Интерстеллар,2024-03-22 13:44:39.556498
2,Звездные войны: Новая надежда,2024-03-22 18:48:40.402252
3,Властелин колец: Братство кольца,2024-03-22 18:44:49.755541
3,Властелин колец: Братство кольца,2024-03-22 20:14:40.382148
5,Матрица,2024-03-22 17:38:17.980591
6,Джокер,2024-03-22 14:43:31.323987
3,Властелин колец: Братство кольца,2024-03-22 17:20:34.180199
2,Звездные войны: Новая надежда,2024-03-22 16:22:04.707266
4,Интерстеллар,2024-03-22 16:11:11.566815
6,Джокер,2024-03-22 20:03:36.314005
4,Интерстеллар,2024-03-22 15:35:22.565098
4,Интерстеллар,2024-03-22 14:32:48.784961
1,Путешествие времени,2024-03-22 15:33:59.374213
3,Властелин колец: Братство кольца,2024-03-22 16:50:25.427546
3,Властелин колец: Братство кольца,2024-03-22 23:24:36.879149
2,Звездные войны: Новая надежда,2024-03-22 14:08:39.298846
1,Путешествие времени,2024-03-22 18:21:21.613433
5,Матрица,2024-03-22 20:39:21.804993
6,Джокер,2024-03-22 22:14:53.095289
1,Путешествие времени,2024-03-22 19:16:39.791613
1,Путешествие времени,2024-03-22 21:56:39.318773
4,Интерстеллар,2024-03-22 14:26:30.236298
3,Властелин колец: Братство кольца,2024-03-22 15:32:05.554617
1,Путешествие времени,2024-03-22 23:53:42.634256
4,Интерстеллар,2024-03-22 13:40:23.263715
4,Интерстеллар,2024-03-22 13:44:12.981224
1,Путешествие времени,2024-03-22 21:36:52.875525
3,Властелин колец: Братство кольца,2024-03-22 18:36:27.772801
3,Властелин колец: Братство кольца,2024-03-22 23:19:09.754313
3,Властелин колец: Братство кольца,2024-03-22 16:55:24.897613
5,Матрица,2024-03-22 22:51:54.851875
6,Джокер,2024-03-22 14:22:26.057775
3,Властелин колец: Братство кольца,2024-03-22 13:43:42.674277
1,Путешествие времени,2024-03-22 20:13:38.446698
5,Матрица,2024-03-22 21:59:41.819196
3,Властелин колец: Братство кольца,2024-03-22 22:19:19.166599
2,Звездные войны: Новая надежда,2024-03-22 16:05:19.087810
5,Матрица,2024-03-22 20:37:05.131976
2,Звездные войны: Новая надежда,2024-03-22 16:49:11.992026
6,Джокер,2024-03-22 20:38:46.831506
5,Матрица,2024-03-22 19:28:04.615772
2,Звездные войны: Новая надежда,2024-03-22 22:21:21.815219
6,Джокер,2024-03-22 13:27:42.132817
5,Матрица,2024-03-22 19:45:01.965888
4,Интерстеллар,2024-03-22 17:43:36.982029
2,Звездные войны: Новая надежда,2024-03-22 19:04:14.275731
4,Интерстеллар,2024-03-22 20:19:31.192415
1,Путешествие времени,2024-03-22 22:42:30.207433
4,Интерстеллар,2024-03-22 22:56:33.984167
1,Путешествие времени,2024-03-22 22:42:19.227206
5,Матрица,2024-03-22 15:07:46.296745
3,Властелин колец: Братство кольца,2024-03-22 22:05:29.494835
6,Джокер,2024-03-22 20:37:59.846317
2,Звездные войны: Новая надежда,2024-03-22 20:46:27.161203
4,Интерстеллар,2024-03-22 22:46:19.838541
2,Звездные войны: Новая надежда,2024-03-22 16:53:59.403360
5,Матрица,2024-03-22 15:48:39.284875
6,Джокер,2024-03-22 23:20:52.959237
5,Матрица,2024-03-22 22:30:25.624028
6,Джокер,2024-03-22 15:47:27.604544
6,Джокер,2024-03-22 14:39:53.836391
5,Матрица,2024-03-22 18:04:33.965878
1,Путешествие времени,2024-03-22 20:00:23.604429
4,Интерстеллар,2024-03-22 22:21:41.891490
3,Властелин колец: Братство кольца,2024-03-22 15:50:32.391273
4,Интерстеллар,2024-03-22 14:19:07.582049
2,Звездные войны: Новая надежда,2024-03-22 19:26:33.779692
3,Властелин колец: Братство кольца,2024-03-22 21:10:26.330672
4,Интерстеллар,2024-03-22 19:51:28.124813
3,Властелин колец: Братство кольца,2024-03-22 15:41:44.835991
5,Матрица,2024-03-22 18:32:11.471725
6,Джокер,2024-03-22 14:24:58.079074
2,Звездные войны: Новая надежда,2024-03-22 17:51:58.981431
1,Путешествие времени,2024-03-22 14:05:41.366071
5,Матрица,2024-03-22 22:55:35.138163
5,Матрица,2024-03-22 13:58:42.079343
6,Джокер,2024-03-22 18:13:59.627844
1,Путешествие времени,2024-03-22 16:30:12.802280
1,Путешествие времени,2024-03-22 21:40:22.964873
3,Властелин колец: Братство кольца,2024-03-22 15:12:49.654013
5,Матрица,2024-03-22 20:15:37.031662
4,Интерстеллар,2024-03-22 15:06:11.021449
5,Матрица,2024-03-22 15:00:38.511679
5,Матрица,2024-03-22 19:41:11.025413
3,Властелин колец: Братство кольца,2024-03-22 17:53:51.368616
3,Властелин колец: Братство кольца,2024-03-22 18:47:07.287386
4,Интерстеллар,2024-03-22 15:19:33.001803
3,Властелин колец: Братство кольца,2024-03-22 23:42:40.757779
5,Матрица,2024-03-22 15:53:00.432567
3,Властелин колец: Братство кольца,2024-03-22 16:41:46.161156
5,Матрица,2024-03-22 15:45:13.788531
2,Звездные войны: Новая надежда,2024-03-22 20:12:04.312163
4,Интерстеллар,2024-03-22 23:59:40.667167
3,Властелин колец: Братство кольца,2024-03-22 13:31:44.225089
1,Путешествие времени,2024-03-22 22:26:58.497555
1,Путешествие времени,2024-03-22 17:07:27.928358
5,Матрица,2024-03-22 16:27:32.146821
3,Властелин колец: Братство кольца,2024-03-22 14:53:05.327815
2,Звездные войны: Новая надежда,2024-03-22 18:04:10.348905
5,Матрица,2024-03-22 23:37:10.043479
4,Интерстеллар,2024-03-22 21:06:48.071889
5,Матрица,2024-03-22 13:52:51.368851
4,Интерстеллар,2024-03-22 22:15:49.970515
5,Матрица,2024-03-22 18:25:51.387433
6,Джокер,2024-03-22 21:47:22.526918
3,Властелин колец: Братство кольца,2024-03-22 17:04:55.710858
3,Властелин колец: Братство кольца,2024-03-22 14:34:54.256097
3,Властелин колец: Братство кольца,2024-03-22 22:09:19.899784
5,Матрица,2024-03-22 17:55:17.154394
1,Путешествие времени,2024-03-22 18:55:34.215976
4,Интерстеллар,2024-03-22 17:46:28.697030
2,Звездные войны: Новая надежда,2024-03-22 21:13:21.176058
5,Матрица,2024-03-22 23:14:11.404895
1,Путешествие времени,2024-03-22 14:40:19.697035
1,Путешествие времени,2024-03-22 17:56:27.916898
1,Путешествие времени,2024-03-22 14:27:18.077771
1,Путешествие времени,2024-03-22 15:44:20.127425
3,Властелин колец: Братство кольца,2024-03-22 17:35:16.666113
3,Властелин колец: Братство кольца,2024-03-22 18:22:34.837553
1,Путешествие времени,2024-03-22 14:57:53.984260
3,Властелин колец: Братство кольца,2024-03-22 23:29:31.915235
5,Матрица,2024-03-22 14:09:11.485875
6,Джокер,2024-03-22 20:39:40.088249
4,Интерстеллар,2024-03-22 18:21:28.957005
3,Властелин колец: Братство кольца,2024-03-22 15:44:49.739825
4,Интерстеллар,2024-03-22 18:08:14.140531
2,Звездные войны: Новая надежда,2024-03-22 17:16:43.259776
1,Путешествие времени,2024-03-22 22:11:40.011568
6,Джокер,2024-03-22 20:27:55.285571
4,Интерстеллар,2024-03-22 14:25:07.097668
5,Матрица,2024-03-22 21:41:59.043579
6,Джокер,2024-03-22 17:24:52.063003
6,Джокер,2024-03-22 23:47:22.978110
5,Матрица,2024-03-22 14:13:55.142451
1,Путешествие времени,2024-03-22 16:11:21.313319
4,Интерстеллар,2024-03-22 19:13:19.457290
3,Властелин колец: Братство кольца,2024-03-22 18:48:14.874108
4,Интерстеллар,2024-03-22 18:12:37.425601
2,Звездные войны: Новая надежда,2024-03-22 18:37:49.775208
3,Властелин колец: Братство кольца,2024-03-22 20:39:59.965370
6,Джокер,2024-03-22 15:42:05.793233
2,Звездные войны: Новая надежда,2024-03-22 22:59:42.953953
2,Звездные войны: Новая надежда,2024-03-22 13:45:42.747337
1,Путешествие времени,2024-03-22 19:34:45.371234
1,Путешествие времени,2024-03-22 18:10:10.823810
1,Путешествие времени,2024-03-22 22:48:52.840565
3,Властелин колец: Братство кольца,2024-03-22 16:56:46.629142
4,Интерстеллар,2024-03-22 22:10:28.938890
6,Джокер,2024-03-22 18:12:34.915993
6,Джокер,2024-03-22 22:15:51.473051
5,Матрица,2024-03-22 13:41:49.175394
3,Властелин колец: Братство кольца,2024-03-22 16:57:43.455357
2,Звездные войны: Новая надежда,2024-03-22 17:09:19.138641
6,Джокер,2024-03-22 18:28:55.393070
5,Матрица,2024-03-22 22:49:56.232854
4,Интерстеллар,2024-03-22 21:00:45.949571
3,Властелин колец: Братство кольца,2024-03-22 13:32:15.162592
2,Звездные войны: Новая надежда,2024-03-22 20:05:51.982258
5,Матрица,2024-03-22 17:50:22.683409
6,Джокер,2024-03-22 23:28:53.161434
3,Властелин колец: Братство кольца,2024-03-22 14:55:45.244706
3,Властелин колец: Братство кольца,2024-03-22 18:05:32.574359
1,Путешествие времени,2024-03-22 14:53:17.772682
5,Матрица,2024-03-22 23:21:15.638830
1,Путешествие времени,2024-03-22 21:40:30.507462
6,Джокер,2024-03-22 21:02:09.753057
4,Интерстеллар,2024-03-22 19:09:56.336227
5,Матрица,2024-03-22 17:55:05.082190
4,Интерстеллар,2024-03-22 23:35:18.722155
6,Джокер,2024-03-22 18:02:09.079509
4,Интерстеллар,2024-03-22 16:23:59.698567
4,Интерстеллар,2024-03-22 15:13:55.106581
6,Джокер,2024-03-22 15:06:21.364568
6,Джокер,2024-03-22 20:34:22.551448
5,Матрица,2024-03-22 14:01:25.701668
3,Властелин колец: Братство кольца,2024-03-22 22:21:23.180456
6,Джокер,2024-03-22 18:49:34.635619
5,Матрица,2024-03-22 18:47:37.683359
2,Звездные войны: Новая надежда,2024-03-22 14:08:25.959672
6,Джокер,2024-03-22 16:14:19.640797
3,Властелин колец: Братство кольца,2024-03-22 22:18:45.039515
6,Джокер,2024-03-22 15:29:45.595271
2,Звездные войны: Новая надежда,2024-03-22 22:50:59.633286
1,Путешествие времени,2024-03-22 14:26:49.715850
2,Звездные войны: Новая надежда,2024-03-22 22:59:36.964476
1,Путешествие времени,2024-03-22 20:57:11.551527
5,Матрица,2024-03-22 17:22:12.193769
3,Властелин колец: Братство кольца,2024-03-22 14:50:42.228861
2,Звездные войны: Новая надежда,2024-03-22 18:36:03.534847
1,Путешествие времени,2024-03-22 22:11:18.336145
1,Путешествие времени,2024-03-22 14:42:12.025260
2,Звездные войны: Новая надежда,2024-03-22 18:20:40.030166
3,Властелин колец: Братство кольца,2024-03-22 13:46:15.193772
3,Властелин колец: Братство кольца,2024-03-22 22:54:24.985344
6,Джокер,2024-03-22 20:49:06.292608
1,Путешествие времени,2024-03-22 15:13:13.418318
3,Властелин колец: Братство кольца,2024-03-22 17:41:12.134969
4,Интерстеллар,2024-03-22 22:23:05.095136
2,Звездные войны: Новая надежда,2024-03-22 22:13:42.879942
3,Властелин колец: Братство кольца,2024-03-22 20:16:46.733364
5,Матрица,2024-03-22 14:12:30.531121
1,Путешествие времени,2024-03-22 19:47:26.138341
2,Звездные войны: Новая надежда,2024-03-22 14:44:07.553309
2,Звездные войны: Новая надежда,2024-03-22 21:59:02.935736
2,Звездные войны: Новая надежда,2024-03-22 21:55:38.369711
1,Путешествие времени,2024-03-22 15:58:46.702913
5,Матрица,2024-03-22 19:01:57.205636
1,Путешествие времени,2024-03-22 13:28:29.747230
2,Звездные войны: Новая надежда,2024-03-22 21:18:35.150695
6,Джокер,2024-03-22 20:38:55.014067
1,Путешествие времени,2024-03-22 19:30:57.262804
6,Джокер,2024-03-22 22:24:58.683801
1,Путешествие времени,2024-03-22 18:46:54.210106
1,Путешествие времени,2024-03-22 16:00:31.957915
3,Властелин колец: Братство кольца,2024-03-22 23:05:30.074582
2,Звездные войны: Новая надежда,2024-03-22 19:36:55.143306
4,Интерстеллар,2024-03-22 18:06:04.556649
1,Путешествие времени,2024-03-22 14:14:16.213943
1,Путешествие времени,2024-03-22 18:11:54.730670
6,Джокер,2024-03-22 20:39:35.204505
3,Властелин колец: Братство кольца,2024-03-22 21:46:00.917372
3,Властелин колец: Братство кольца,2024-03-22 17:06:30.978227
4,Интерстеллар,2024-03-22 20:00:30.308905
6,Джокер,2024-03-22 22:59:27.777710
3,Властелин колец: Братство кольца,2024-03-22 16:52:02.810764
2,Звездные войны: Новая надежда,2024-03-22 22:00:26.320973
4,Интерстеллар,2024-03-22 18:14:15.968868
4,Интерстеллар,2024-03-22 22:17:34.998781
1,Путешествие времени,2024-03-22 16:19:49.388237
2,Звездные войны: Новая надежда,2024-03-22 18:29:49.734085
4,Интерстеллар,2024-03-22 21:37:12.325870
1,Путешествие времени,2024-03-22 21:14:11.043341
3,Властелин колец: Братство кольца,2024-03-22 19:56:21.577085
2,Звездные войны: Новая надежда,2024-03-22 15:57:17.159164
2,Звездные войны: Новая надежда,2024-03-22 17:57:42.229586
4,Интерстеллар,2024-03-22 22:00:47.640709
6,Джокер,2024-03-22 15:09:38.403126
5,Матрица,2024-03-22 14:57:21.433732
2,Звездные войны: Новая надежда,2024-03-22 23:01:08.854444
4,Интерстеллар,2024-03-22 14:36:59.997263
3,Властелин колец: Братство кольца,2024-03-22 17:42:28.988502
5,Матрица,2024-03-22 20:52:05.411344
4,Интерстеллар,2024-03-22 21:30:18.948611
3,Властелин колец: Братство кольца,2024-03-22 15:49:06.832021
3,Властелин колец: Братство кольца,2024-03-22 16:33:11.734443
4,Интерстеллар,2024-03-22 18:11:13.128114
4,Интерстеллар,2024-03-22 14:46:34.156901
1,Путешествие времени,2024-03-22 13:56:42.110883
5,Матрица,2024-03-22 23:03:32.042682
4,Интерстеллар,2024-03-22 19:31:31.723708
6,Джокер,2024-03-22 17:36:20.915198
6,Джокер,2024-03-22 22:19:51.285267
3,Властелин колец: Братство кольца,2024-03-22 16:32:03.804149
3,Властелин колец: Братство кольца,2024-03-22 22:21:51.163294
4,Интерстеллар,2024-03-22 23:29:04.381221
1,Путешествие времени,2024-03-22 18:14:27.340311
2,Звездные войны: Новая надежда,2024-03-22 14:45:11.531060
6,Джокер,2024-03-22 17:43:36.228560
6,Джокер,2024-03-22 13:40:23.614353
5,Матрица,2024-03-22 15:33:54.482215
1,Путешествие времени,2024-03-22 18:53:13.104003
6,Джокер,2024-03-22 21:08:40.723458
5,Матрица,2024-03-22 20:01:19.851812
5,Матрица,2024-03-22 20:27:42.092281
1,Путешествие времени,2024-03-22 20:56:58.410495
2,Звездные войны: Новая надежда,2024-03-22 17:30:52.176354
6,Джокер,2024-03-22 18:13:51.898615
2,Звездные войны: Новая надежда,2024-03-22 17:08:47.410429
3,Властелин колец: Братство кольца,2024-03-22 13:34:50.315652
1,Путешествие времени,2024-03-22 13:56:56.264757
3,Властелин колец: Братство кольца,2024-03-22 20:18:37.721456
5,Матрица,2024-03-22 21:29:41.097356
6,Джокер,2024-03-22 19:25:24.676486
4,Интерстеллар,2024-03-22 14:12:10.145483
2,Звездные войны: Новая надежда,2024-03-22 16:37:13.958178
2,Звездные войны: Новая надежда,2024-03-22 14:57:39.557457
3,Властелин колец: Братство кольца,2024-03-22 20:54:23.659159
2,Звездные войны: Новая надежда,2024-03-22 18:32:01.087734
5,Матрица,2024-03-22 14:43:55.489775
5,Матрица,2024-03-22 23:49:10.018470
4,Интерстеллар,2024-03-22 16:03:23.940688
4,Интерстеллар,2024-03-22 23:13:09.950348
5,Матрица,2024-03-22 16:21:21.700092
1,Путешествие времени,2024-03-22 15:37:13.524613
6,Джокер,2024-03-22 16:06:58.506048
4,Интерстеллар,2024-03-22 17:04:52.358142
5,Матрица,2024-03-22 15:18:28.728609
2,Звездные войны: Новая надежда,2024-03-22 19:20:09.969649
2,Звездные войны: Новая надежда,2024-03-22 18:19:12.795847
2,Звездные войны: Новая надежда,2024-03-22 15:02:12.167541
1,Путешествие времени,2024-03-22 15:32:42.024932
5,Матрица,2024-03-22 19:47:54.128235
3,Властелин колец: Братство кольца,2024-03-22 17:01:19.770315
2,Звездные войны: Новая надежда,2024-03-22 13:47:21.483855
3,Властелин колец: Братство кольца,2024-03-22 15:11:02.952905
6,Джокер,2024-03-22 15:27:57.777890
5,Матрица,2024-03-22 18:48:57.638436
6,Джокер,2024-03-22 14:19:57.852307
3,Властелин колец: Братство кольца,2024-03-22 17:05:39.129761
5,Матрица,2024-03-22 21:50:38.427109
1,Путешествие времени,2024-03-22 18:37:50.519305
3,Властелин колец: Братство кольца,2024-03-22 15:44:31.645461
2,Звездные войны: Новая надежда,2024-03-22 14:43:47.511600
6,Джокер,2024-03-22 17:59:58.035140
4,Интерстеллар,2024-03-22 13:56:41.672790
3,Властелин колец: Братство кольца,2024-03-22 14:15:48.462514
6,Джокер,2024-03-22 23:44:49.520405
4,Интерстеллар,2024-03-22 18:58:41.542999
5,Матрица,2024-03-22 20:37:23.244060
6,Джокер,2024-03-22 13:56:49.313585
6,Джокер,2024-03-22 14:19:41.342531
5,Матрица,2024-03-22 14:07:09.109603
6,Джокер,2024-03-22 20:20:54.464688
5,Матрица,2024-03-22 20:29:05.808077
6,Джокер,2024-03-22 23:54:54.665755
2,Звездные войны: Новая надежда,2024-03-22 23:21:54.316684
1,Путешествие времени,2024-03-22 16:53:45.303627
4,Интерстеллар,2024-03-22 18:03:57.996750
4,Интерстеллар,2024-03-22 13:57:10.989601
1,Путешествие времени,2024-03-22 16:32:27.389615
3,Властелин колец: Братство кольца,2024-03-22 14:12:23.648384
2,Звездные войны: Новая надежда,2024-03-22 18:01:49.333191
4,Интерстеллар,2024-03-22 15:01:47.115510
3,Властелин колец: Братство кольца,2024-03-22 13:57:20.507019
4,Интерстеллар,2024-03-22 16:42:17.714143
4,Интерстеллар,2024-03-22 19:36:12.024751
2,Звездные войны: Новая надежда,2024-03-22 23:14:31.372065
5,Матрица,2024-03-22 21:26:41.125990
2,Звездные войны: Новая надежда,2024-03-22 23:42:51.941420
2,Звездные войны: Новая надежда,2024-03-22 13:27:22.924288
4,Интерстеллар,2024-03-22 23:27:23.206395
3,Властелин колец: Братство кольца,2024-03-22 22:43:37.757260
6,Джокер,2024-03-22 16:45:06.306527
1,Путешествие времени,2024-03-22 20:25:45.732412
5,Матрица,2024-03-22 19:45:28.106734
6,Джокер,2024-03-22 23:04:40.124516
1,Путешествие времени,2024-03-22 19:34:10.483262
6,Джокер,2024-03-22 16:10:37.118062
2,Звездные войны: Новая надежда,2024-03-22 22:00:13.433357
6,Джокер,2024-03-22 16:10:26.927434
4,Интерстеллар,2024-03-22 17:19:17.261196
6,Джокер,2024-03-22 20:43:40.018829
4,Интерстеллар,2024-03-22 22:51:12.276929
2,Звездные войны: Новая надежда,2024-03-22 23:06:30.025499
1,Путешествие времени,2024-03-22 17:52:16.109742
2,Звездные войны: Новая надежда,2024-03-22 15:44:06.362872
1,Путешествие времени,2024-03-22 22:18:58.546814
6,Джокер,2024-03-22 23:38:17.628799
4,Интерстеллар,2024-03-22 22:07:36.025819
5,Матрица,2024-03-22 18:19:10.021778
6,Джокер,2024-03-22 19:56:23.613356
2,Звездные войны: Новая надежда,2024-03-22 21:21:41.689703
5,Матрица,2024-03-22 16:56:56.653489
2,Звездные войны: Новая надежда,2024-03-22 15:08:42.970354
3,Властелин колец: Братство кольца,2024-03-22 19:59:42.505354
3,Властелин колец: Братство кольца,2024-03-22 21:31:56.714743
1,Путешествие времени,2024-03-22 16:49:35.812223
1,Путешествие времени,2024-03-22 23:46:41.332649
6,Джокер,2024-03-22 13:44:36.562167
6,Джокер,2024-03-22 14:19:01.086264
3,Властелин колец: Братство кольца,2024-03-22 20:02:28.903352
2,Звездные войны: Новая надежда,2024-03-22 21:11:31.265528
5,Матрица,2024-03-22 20:36:14.112777
4,Интерстеллар,2024-03-22 23:13:27.949017
3,Властелин колец: Братство кольца,2024-03-22 18:59:43.810648
2,Звездные войны: Новая надежда,2024-03-22 15:36:26.760415
2,Звездные войны: Новая надежда,2024-03-22 14:38:03.727109
5,Матрица,2024-03-22 17:43:21.892032
6,Джокер,2024-03-22 19:55:58.390476
5,Матрица,2024-03-22 13:53:16.949523
5,Матрица,2024-03-22 20:18:26.746524
1,Путешествие времени,2024-03-22 23:10:58.117690
5,Матрица,2024-03-22 14:49:28.849749
6,Джокер,2024-03-22 22:30:34.486001
1,Путешествие времени,2024-03-22 16:35:08.870403
6,Джокер,2024-03-22 14:53:02.250700
1,Путешествие времени,2024-03-22 20:15:37.179434
3,Властелин колец: Братство кольца,2024-03-22 16:22:40.056737
1,Путешествие времени,2024-03-22 19:04:23.830391
3,Властелин колец: Братство кольца,2024-03-22 13:33:01.031300
4,Интерстеллар,2024-03-22 22:22:04.717127
3,Властелин колец: Братство кольца,2024-03-22 18:43:08.933715
5,Матрица,2024-03-22 16:52:19.958259
4,Интерстеллар,2024-03-22 16:11:33.157126
2,Звездные войны: Новая надежда,2024-03-22 17:24:00.742384
2,Звездные войны: Новая надежда,2024-03-22 14:44:06.857110
2,Звездные войны: Новая надежда,2024-03-22 16:56:23.766257
2,Звездные войны: Новая надежда,2024-03-22 16:01:22.853391
4,Интерстеллар,2024-03-22 18:18:00.494750
5,Матрица,2024-03-22 20:30:51.931905
2,Звездные войны: Новая надежда,2024-03-22 21:16:33.466708
3,Властелин колец: Братство кольца,2024-03-22 15:33:16.960532
1,Путешествие времени,2024-03-22 20:40:10.847009
3,Властелин колец: Братство кольца,2024-03-22 16:39:48.561847
6,Джокер,2024-03-22 21:30:00.021291
3,Властелин колец: Братство кольца,2024-03-22 18:35:51.682373
2,Звездные войны: Новая надежда,2024-03-22 13:59:52.084566
4,Интерстеллар,2024-03-22 13:49:19.789195
1,Путешествие времени,2024-03-22 23:41:33.265897
6,Джокер,2024-03-22 18:52:52.488472
2,Звездные войны: Новая надежда,2024-03-22 23:10:34.088340
4,Интерстеллар,2024-03-22 22:41:37.562024
4,Интерстеллар,2024-03-22 20:03:52.481039
3,Властелин колец: Братство кольца,2024-03-22 23:59:23.178502
1,Путешествие времени,2024-03-22 14:26:24.808335
6,Джокер,2024-03-22 14:09:18.845503
1,Путешествие времени,2024-03-22 23:05:12.155265
5,Матрица,2024-03-22 15:49:40.961193
4,Интерстеллар,2024-03-22 22:59:27.319438
3,Властелин колец: Братство кольца,2024-03-22 18:14:02.309377
1,Путешествие времени,2024-03-22 19:12:33.333669
1,Путешествие времени,2024-03-22 16:17:20.983205
3,Властелин колец: Братство кольца,2024-03-22 18:18:33.387479
1,Путешествие времени,2024-03-22 22:44:19.930019
5,Матрица,2024-03-22 13:51:35.563056
1,Путешествие времени,2024-03-22 19:32:18.910507
4,Интерстеллар,2024-03-22 16:23:58.789086
4,Интерстеллар,2024-03-22 16:54:31.949824
5,Матрица,2024-03-22 14:23:06.168355
2,Звездные войны: Новая надежда,2024-03-22 18:56:43.228425
1,Путешествие времени,2024-03-22 19:14:11.869512
3,Властелин колец: Братство кольца,2024-03-22 15:48:16.435831
2,Звездные войны: Новая надежда,2024-03-22 23:05:01.113429
4,Интерстеллар,2024-03-22 21:36:05.787195
1,Путешествие времени,2024-03-22 21:13:18.664308
3,Властелин колец: Братство кольца,2024-03-22 13:39:53.885516
5,Матрица,2024-03-22 15:12:15.741073
5,Матрица,2024-03-22 20:09:39.611531
3,Властелин колец: Братство кольца,2024-03-22 18:31:43.986891
6,Джокер,2024-03-22 21:01:41.867978
5,Матрица,2024-03-22 17:04:51.290668
2,Звездные войны: Новая надежда,2024-03-22 20:56:30.706858
5,Матрица,2024-03-22 15:55:39.507179
1,Путешествие времени,2024-03-22 19:21:01.242421
2,Звездные войны: Новая надежда,2024-03-22 19:06:34.955595
3,Властелин колец: Братство кольца,2024-03-22 21:03:33.929201
3,Властелин колец: Братство кольца,2024-03-22 23:25:14.044510
5,Матрица,2024-03-22 20:25:02.815066
4,Интерстеллар,2024-03-22 14:28:27.289878
2,Звездные войны: Новая надежда,2024-03-22 19:23:15.425907
2,Звездные войны: Новая надежда,2024-03-22 23:14:18.484440
3,Властелин колец: Братство кольца,2024-03-22 20:16:31.275002
5,Матрица,2024-03-22 15:43:04.115563
3,Властелин колец: Братство кольца,2024-03-22 15:25:18.784580
1,Путешествие времени,2024-03-22 16:59:51.775394
6,Джокер,2024-03-22 17:03:34.906198
6,Джокер,2024-03-22 18:31:29.029892
2,Звездные войны: Новая надежда,2024-03-22 21:23:17.804835
6,Джокер,2024-03-22 15:18:47.077887
6,Джокер,2024-03-22 18:24:14.232146
5,Матрица,2024-03-22 14:28:20.769825
5,Матрица,2024-03-22 13:38:12.372378
3,Властелин колец: Братство кольца,2024-03-22 17:21:10.564753
1,Путешествие времени,2024-03-22 14:29:01.142930
4,Интерстеллар,2024-03-22 13:48:52.968099
5,Матрица,2024-03-22 23:13:09.432167
5,Матрица,2024-03-22 16:38:52.500672
2,Звездные войны: Новая надежда,2024-03-22 15:47:03.081798
1,Путешествие времени,2024-03-22 14:34:27.116860
5,Матрица,2024-03-22 23:12:06.284271
6,Джокер,2024-03-22 17:06:49.949798
2,Звездные войны: Новая надежда,2024-03-22 23:14:43.734279
3,Властелин колец: Братство кольца,2024-03-22 15:39:18.948331
6,Джокер,2024-03-22 16:13:46.006264
3,Властелин колец: Братство кольца,2024-03-22 17:36:33.020167
1,Путешествие времени,2024-03-22 14:59:10.346851
1,Путешествие времени,2024-03-22 19:42:01.435381
6,Джокер,2024-03-22 15:09:01.650970
2,Звездные войны: Новая надежда,2024-03-22 22:44:46.405194
3,Властелин колец: Братство кольца,2024-03-22 20:05:58.788520
2,Звездные войны: Новая надежда,2024-03-22 15:40:04.488949
6,Джокер,2024-03-22 23:34:52.261273
3,Властелин колец: Братство кольца,2024-03-22 17:13:45.665269
1,Путешествие времени,2024-03-22 14:50:30.051089
1,Путешествие времени,2024-03-22 20:41:31.883092
4,Интерстеллар,2024-03-22 17:09:46.899524
2,Звездные войны: Новая надежда,2024-03-22 16:53:17.539381
1,Путешествие времени,2024-03-22 15:03:03.644668
4,Интерстеллар,2024-03-22 20:31:50.265363
4,Интерстеллар,2024-03-22 18:56:52.472045
5,Матрица,2024-03-22 21:30:59.954907
2,Звездные войны: Новая надежда,2024-03-22 19:06:22.902104
6,Джокер,2024-03-22 23:19:30.424335
2,Звездные войны: Новая надежда,2024-03-22 21:06:56.619303
1,Путешествие времени,2024-03-22 19:38:32.559328
2,Звездные войны: Новая надежда,2024-03-22 18:21:56.350735
4,Интерстеллар,2024-03-22 22:17:00.214188
4,Интерстеллар,2024-03-22 18:22:38.749725
1,Путешествие времени,2024-03-22 20:03:52.533717
6,Джокер,2024-03-22 14:36:54.288343
5,Матрица,2024-03-22 22:06:07.071918
5,Матрица,2024-03-22 17:58:54.942783
4,Интерстеллар,2024-03-22 18:22:45.334746
5,Матрица,2024-03-22 19:16:18.165470
1,Путешествие времени,2024-03-22 17:32:16.549734
1,Путешествие времени,2024-03-22 19:19:42.421393
2,Звездные войны: Новая надежда,2024-03-22 21:34:45.187310
2,Звездные войны: Новая надежда,2024-03-22 18:01:11.794440
3,Властелин колец: Братство кольца,2024-03-22 23:47:41.425549
4,Интерстеллар,2024-03-22 17:48:03.869129
1,Путешествие времени,2024-03-22 21:22:54.567598
4,Интерстеллар,2024-03-22 18:43:53.615264
2,Звездные войны: Новая надежда,2024-03-22 20:35:32.553288
4,Интерстеллар,2024-03-22 18:01:46.398190
3,Властелин колец: Братство кольца,2024-03-22 16:15:04.366389
3,Властелин колец: Братство кольца,2024-03-22 21:04:17.710605
2,Звездные войны: Новая надежда,2024-03-22 14:27:09.564954
3,Властелин колец: Братство кольца,2024-03-22 13:49:36.200642
2,Звездные войны: Новая надежда,2024-03-22 14:50:04.917585
2,Звездные войны: Новая надежда,2024-03-22 14:53:33.853622
3,Властелин колец: Братство кольца,2024-03-22 14:17:45.284845
4,Интерстеллар,2024-03-22 14:10:54.215775
4,Интерстеллар,2024-03-22 16:06:11.855286
6,Джокер,2024-03-22 22:57:42.243569
6,Джокер,2024-03-22 17:41:10.184156
3,Властелин колец: Братство кольца,2024-03-22 18:44:14.223144
4,Интерстеллар,2024-03-22 21:20:32.386915
5,Матрица,2024-03-22 14:12:06.284997
6,Джокер,2024-03-22 17:05:37.558301
3,Властелин колец: Братство кольца,2024-03-22 17:15:24.158216
4,Интерстеллар,2024-03-22 18:05:25.155458
5,Матрица,2024-03-22 14:52:34.504191
2,Звездные войны: Новая надежда,2024-03-22 23:00:34.227711
6,Джокер,2024-03-22 20:31:25.777467
6,Джокер,2024-03-22 22:58:05.110692
5,Матрица,2024-03-22 20:12:48.376958
3,Властелин колец: Братство кольца,2024-03-22 18:23:26.464920
6,Джокер,2024-03-22 21:50:34.856729
4,Интерстеллар,2024-03-22 17:07:20.059678
4,Интерстеллар,2024-03-22 22:00:58.180642
4,Интерстеллар,2024-03-22 20:01:06.865568
